Consensus R Latency,Consensus R-1 Latency,Consensus Tps,Consensus Bps,Consensus Latency,E2E Tps,E2E Bps,E2E Latency,Burst
0,0,0,0,0,0,0,0,10
0,0,0,0,0,0,0,0,10
0,0,0,0,0,0,0,0,10
0,0,0,0,0,0,0,0,10
0,0,0,0,0,0,0,0,10
0,0,0,0,0,0,0,0,10
0,0,0,0,0,0,0,0,10
0,0,0,0,0,0,0,0,10
0,0,0,0,0,0,0,0,10
0,0,0,0,0,0,0,0,10
0,0,0,0,0,0,0,0,10
0,0,0,0,0,0,0,0,10
0,0,0,0,0,0,0,0,10
0,0,0,0,0,0,0,0,10
0,0,0,0,0,0,0,0,10
0,0,0,0,0,0,0,0,10
0,0,0,0,0,0,0,0,10
0,0,0,0,0,0,0,0,10
0,0,0,0,0,0,0,0,10
0,0,0,0,0,0,0,0,10
0,0,0,0,0,0,0,0,10
0,0,0,0,0,0,0,0,10
0,0,0,0,0,0,0,0,10
0,0,0,0,0,0,0,0,10
0,0,0,0,0,0,0,0,10
0,0,0,0,0,0,0,0,10
0,0,0,0,0,0,0,0,10
0,0,0,0,0,0,0,0,10
0,0,0,0,0,0,0,0,10
0,0,0,0,0,0,0,0,10
0,0,0,0,0,0,0,0,10
0,0,0,0,0,0,0,0,10
0,0,0,0,0,0,0,0,10
0,0,0,0,0,0,0,0,10
0,0,0,0,0,0,0,0,10
0,0,0,0,0,0,0,0,10
0,0,0,0,0,0,0,0,10
0,0,0,0,0,0,0,0,10
0,0,0,0,0,0,0,0,10
0,0,0,0,0,0,0,0,10
0,0,0,0,0,0,0,0,10
0,0,0,0,0,0,0,0,10
0,0,0,0,0,0,0,0,10
0,0,0,0,0,0,0,0,10
0,0,0,0,0,0,0,0,10
0,0,0,0,0,0,0,0,10
0,0,0,0,0,0,0,0,10
0,0,0,0,0,0,0,0,10
0,0,0,0,0,0,0,0,10
0,0,0,0,0,0,0,0,10
0,0,0,0,0,0,0,0,10
0,0,0,0,0,0,0,0,10
0,0,0,0,0,0,0,0,10
0,0,0,0,0,0,0,0,10
0,0,0,0,0,0,0,0,10
0,0,0,0,0,0,0,0,10
0,0,0,0,0,0,0,0,10
0,0,0,0,0,0,0,0,10
0,0,0,0,0,0,0,0,10
0,0,0,0,0,0,0,0,10
0,0,0,0,0,0,0,0,10
0,0,0,0,0,0,0,0,10
0,0,0,0,0,0,0,0,10
0,0,0,0,0,0,0,0,10
0,0,0,0,0,0,0,0,10
0,0,0,0,0,0,0,0,10
0,0,0,0,0,0,0,0,10
0,0,0,0,0,0,0,0,10
0,0,0,0,0,0,0,0,10
0,0,0,0,0,0,0,0,10
0,0,0,0,0,0,0,0,10
0,0,0,0,0,0,0,0,10
0,0,0,0,0,0,0,0,10
0,0,0,0,0,0,0,0,10
0,0,0,0,0,0,0,0,10
0,0,0,0,0,0,0,0,10
0,0,0,0,0,0,0,0,10
0,0,0,0,0,0,0,0,10
0,0,0,0,0,0,0,0,10
0,0,0,0,0,0,0,0,10
0,0,0,0,0,0,0,0,10
0,0,0,0,0,0,0,0,10
0,0,0,0,0,0,0,0,10
0,0,0,0,0,0,0,0,10
0,0,0,0,0,0,0,0,10
0,0,0,0,0,0,0,0,10
0,0,0,0,0,0,0,0,10
0,0,0,0,0,0,0,0,10
0,0,0,0,0,0,0,0,10
0,0,0,0,0,0,0,0,10
0,0,0,0,0,0,0,0,10
0,0,0,0,0,0,0,0,10
0,0,0,0,0,0,0,0,10
0,0,0,0,0,0,0,0,10
0,0,0,0,0,0,0,0,10
0,0,0,0,0,0,0,0,10
0,0,0,0,0,0,0,0,10
0,0,0,0,0,0,0,0,10
0,0,0,0,0,0,0,0,10
0,0,0,0,0,0,0,0,10
0,0,0,0,0,0,0,0,10
0,0,0,0,0,0,0,0,10
0,0,0,0,0,0,0,0,10
0,0,0,0,0,0,0,0,10
0,0,0,0,0,0,0,0,10
0,0,0,0,0,0,0,0,10
0,0,0,0,0,0,0,0,10
0,0,0,0,0,0,0,0,10
0,0,0,0,0,0,0,0,10
2,3,0,0,3,0,0,0,10
2,0,0,0,2,0,0,0,10
2,6,0,0,4,0,0,0,10
2,0,0,0,2,0,0,0,10
